COD_UF;COD_MUNICIPIO;COD_DISTRITO;SITUACAO;NOM_TIPO_SEGLOGR;NOM_SEGLOGR;DSC_MODIFICADOR;LATITUDE;LONGITUDE;ALTITUDE;DSC_LOCALIDADE;COD_ESPECIE;CEP
31;09006;15;2;ESTRADA;DO MATO DENTRO;SN;-2.016.828.663.888.880;-4.424.302.163.888.880;806.0;CONCEICAO DE ITAGUA;3;35460000
31;09006;15;2;ESTRADA;DO MATO DENTRO;SN;-2.015.940.663.888.880;-4.424.307.833.333.330;763.0;CONCEICAO DE ITAGUA;3;35460000
31;09006;15;2;ESTRADA;DO MATO DENTRO;;-2.016.183;-4.424.574.663.888.880;764.0;CONCEICAO DE ITAGUA;3;35460000
31;09006;15;2;ESTRADA;DO MATO DENTRO;SN;-20.181.365;-44.245.428.305.555.500;843.0;QUINTAS DO RIO MANSO;3;35460000
31;09006;15;2;ESTRADA;DO MATO DENTRO;SN;-20.173.715;-4.423.818.330.555.550;811.0;CONCEICAO DE ITAGUA;3;35460000
31;09006;15;2;ESTRADA;DO MATO DENTRO;SN;-2.017.685.663.888.880;-44.235.153.333.333.300;835.0;CONCEICAO DE ITAGUA;3;35460000
31;09006;15;2;ESTRADA;DO MATO DENTRO;SN;-20.160.163.333.333.300;-44.237.363.333.333.300;761.0;CONCEICAO DE ITAGUA;3;35460000
31;09006;15;2;ALAMEDA;DO BOSQUE;SN;-20.174.345.000.000.000;-4.424.944.497.222.220;809.0;CONCEICAO DE ITAGUA;3;35460000
31;09006;15;2;RUA;JOSE NUNES DE CARVALHO;SN;-20.157.071.666.666.600;-4.425.646.163.888.880;780.0;CONCEICAO DE ITAGUA;3;35460000
31;09006;15;2;RUA;QUATRO;SN;-20.157.196.666.666.600;-4.424.547.330.555.550;753.0;BAIRRO RETIRO DO BRUMADO;3;35460000
31;09006;20;2;ESTRADA;PARA FAZENDA MAE DAGUA;SN;-2.018.638.663.888.880;-44.002.335;;CORREGO FERREIRA;3;35460000
31;09006;20;2;ESTRADA;PIEDADE A MARQUES;SN;-20.169.923.305.555.500;-44.033.681.638.888.800;;PIEDADE DO PARAOPEBA;3;35460000
31;09006;20;2;ESTRADA;PIEDADE A MARQUES;SN;-20.170.818.333.333.300;-4.403.754.830.555.550;;PIEDADE DO PARAOPEBA;3;35460000
31;09006;20;2;ESTRADA;PIEDADE A MARQUES;SN;-20.174.434.972.222.200;-44.035.156.666.666.600;861.0;PIEDADE DO PARAOPEBA;3;35460000
31;09006;20;2;ESTRADA;QUINTILIANO;SN;-20.184.813.333.333.300;-44.028.105;810.0;QUINTILIANO;3;35460000
31;09006;05;2;ESTRADA;PONTE DAS ALMORREMAS;SN;-20.162.995;-4.418.528.499.999.990;829.0;BRUMADINHO;3;35460000
31;09006;05;2;ESTRADA;DO PIRES;SN;-20.152.531.666.666.600;-44.177.618.305.555.500;731.0;BRUMADINHO;3;35460000
31;09006;15;2;RUA;ITAGUA;SN;-2.014.939;-4.422.246.663.888.880;767.0;BRUMADINHO;3;35460000
31;09006;20;1;ESTRADA;DE TERRA;SN;-20.248.741.666.666.600;-4.399.275.497.222.220;;SUZANA;3;35460000
31;09006;20;1;ESTRADA;DE TERRA;SN;-20.236.408.305.555.500;-439.971;908.0;SUZANA;3;35460000
31;09006;20;1;ESTRADA;SEM NOME DE TERRA;SN;-2.019.732;-4.401.560.333.333.330;;PIEDADE PARAOPEBA;3;35460000
31;09006;20;1;ESTRADA;SEM NOME DE TERRA;SN;-20.217.903.333.333.300;-4.399.639.833.333.330;;CARNEIROS;3;35460000
31;09006;20;1;ESTRADA;PRA CARNEIROS;SN;-20.209.696.666.666.600;-44.002.409.972.222.200;;CARNEIROS;3;35460000
31;09006;20;1;ESTRADA;PRA CARNEIROS;SN;-20.226.216.666.666.600;-4.400.030.663.888.880;;CARNEIROS;3;35460000
31;09006;05;2;RUA;B;;-20.169.318.305.555.500;-4.421.483.663.888.880;747.0;AGUAS CLARAS;3;35460000
31;09006;25;1;RUA;RITA FONSECA DE MOURA;SN;-2.022.141;-44.100.924.972.222.200;793.0;CORONEL EURICO;3;35460000
31;09006;05;2;RUA;DOIS;;-2.022.706.497.222.220;-4.412.204.497.222.220;804.0;TOCA DE CIMA;3;35460000
31;09006;05;2;COMUNIDADE;EIXO QUEBRADO;SN;-20.222.411.638.888.800;-4.419.108.330.555.550;835.0;EIXO QUEBRADO;3;35460000
31;09006;05;2;COMUNIDADE;EIXO QUEBRADO;SN;-20.228.663.305.555.500;-44.197.631.638.888.800;857.0;EIXO QUEBRADO;3;35460000
31;09006;05;2;CONDOMINIO;DO DANTE;SN;-2.018.074;-44.155.098.333.333.300;778.0;PONTE DAS ALMORREIMAS;3;35460000
31;09006;05;2;ESTRADA;BONFIM;;-20.182.145.000.000.000;-4.418.053.497.222.220;808.0;GUARIBAS;3;35460000
31;09006;05;2;ESTRADA;BONFIM;SN;-2.023.248.497.222.220;-44.200.795;905.0;EIXO QUEBRADO;3;35460000
31;09006;05;2;ESTRADA;CAJU A ALMORREIMAS;SN;-20.186.683.333.333.300;-4.417.896.497.222.220;794.0;PONTE DAS ALMORREIMAS;3;35460000
31;09006;05;2;ESTRADA;CAJU A ALMORREIMAS;SN;-20.206.559.972.222.200;-44.167.775;793.0;CAJU;3;35460000
31;09006;05;2;ESTRADA;CAJU A ALMORREIMAS;SN;-20.186.801.666.666.600;-4.417.928.330.555.550;789.0;PONTE DAS ALMORREIMAS;3;35460000
31;09006;05;2;ESTRADA;CAJU A ALMORREIMAS;SN;-20.199.056.666.666.600;-4.417.630.997.222.220;851.0;CAJU;3;35460000
31;09006;05;2;ESTRADA;EIXO QUEBRADO;SN;-20.221.823.305.555.500;-4.419.375.333.333.330;824.0;EIXO QUEBRADO;3;35460000
31;09006;05;2;ESTRADA;EIXO QUEBRADO;SN;-20.227.465;-44.180.146.638.888.800;969.0;EIXO QUEBRADO;3;35460000
31;09006;05;2;ESTRADA;PONTE DAS ALMORREIMAS;SN;-20.184.973.305.555.500;-4.417.301.830.555.550;758.0;PONTE DAS ALMORREIMAS;3;35460000
31;09006;05;2;ESTRADA;PONTE DAS ALMORREIMAS;SN;-2.017.922.663.888.880;-44.170.716.638.888.800;765.0;PONTE DAS ALMORREIMAS;3;35460000
31;09006;05;2;ESTRADA;PONTE DAS ALMORREIMAS;SN;-20.198.598.305.555.500;-4.416.909.666.666.660;843.0;PONTE DAS ALMORREIMAS;3;35460000
31;09006;05;2;ESTRADA;PONTE DAS ALMORREIMAS;SN;-2.016.661.497.222.220;-4.416.923.330.555.550;789.0;PONTE DAS ALMORREIMAS;3;35460000
31;09006;05;2;ESTRADA;PONTE DAS ALMORREIMAS;SN;-20.200.293.305.555.500;-4.415.312.163.888.880;752.0;PONTE DAS ALMORREIMAS;3;35460000
31;09006;05;2;ESTRADA;PONTE DAS ALMORREIMAS;SN;-20.185.808.305.555.500;-4.417.104.330.555.550;775.0;PONTE DAS ALMORREIMAS;3;35460000
31;09006;05;2;ESTRADA;PONTE DAS ALMORREIMAS;;-20.180.388.305.555.500;-44.162.571.638.888.800;739.0;PONTE DAS ALMORREIMAS;3;35460000
31;09006;05;2;ESTRADA;PONTE DAS ALMORREIMAS;SN;-20.164.221.666.666.600;-4.417.345.497.222.220;784.0;PONTE DAS ALMORREIMAS;3;35460000
31;09006;05;2;ESTRADA;PONTE DAS ALMORREIMAS;SN;-20.172.608.305.555.500;-44.177.575;795.0;PONTE DAS ALMORREIMAS;3;35460000
31;09006;05;2;ESTRADA;PONTE DAS ALMORREIMAS;SN;-2.020.711.163.888.880;-4.416.220.330.555.550;839.0;PONTE DAS ALMORREIMAS;3;35460000
31;09006;05;2;ESTRADA;DA TOCA;SN;-2.022.212.833.333.330;-4.415.516.997.222.220;780.0;TOCA DE CIMA;3;35460000
31;09006;05;2;ESTRADA;DA TOCA;;-20.203.986.666.666.600;-4.415.351.663.888.880;758.0;TOCA DE CIMA;3;35460000
31;09006;05;2;ESTRADA;DA TOCA;SN;-2.021.796.497.222.220;-44.143.658.305.555.500;788.0;TOCA DE CIMA;3;35460000
31;09006;05;2;ESTRADA;DA TOCA;SN;-20.214.466.666.666.600;-4.413.544.997.222.220;762.0;TOCA DE CIMA;3;35460000
31;09006;05;2;ESTRADA;DA TOCA;SN;-20.186.106.666.666.600;-4.417.066;766.0;PONTE DAS ALMORREIMAS;3;35460000
31;09006;05;2;ESTRADA;DA TOCA;SN;-20.203.089.972.222.200;-44.137.076.638.888.800;801.0;MELO FRANCO;3;35460000
31;09006;05;2;ESTRADA;DA TOCA;SN;-20.194.013.333.333.300;-4.414.204.497.222.220;807.0;MELO FRANCO;3;35460000
31;09006;05;2;ESTRADA;DA TOCA;SN;-2.021.135.497.222.220;-44.163.466.638.888.800;851.0;PONTE DAS ALMORREIMAS;3;35460000
31;09006;05;2;FAZENDA;BELA VISTA;SN;-2.020.958.333.333.330;-4.418.077.333.333.330;817.0;BRUMADINHO;3;35460000
31;09006;05;2;FAZENDA;LARANJAL;SN;-20.224.445;-44.154.513.305.555.500;767.0;TOCA DE CIMA;3;35460000
31;09006;05;2;FAZENDA;JOSE;SN;-20.208.453.305.555.500;-44.151.655;772.0;MARICOTA;3;35460000
31;09006;05;2;RUA;UM;;-20.233.571.666.666.600;-44.127.145;744.0;TOCA DE CIMA;3;35460000
31;09006;05;2;RUA;UM;;-20.233.021.638.888.800;-44.126.159.972.222.200;746.0;TOCA DE CIMA;3;35460000
31;09006;05;2;RUA;UM;;-20.233.628.333.333.300;-44.127.305;745.0;TOCA DE CIMA;3;35460000
31;09006;05;2;RUA;UM;;-20.232.311.638.888.800;-44.125.053.305.555.500;756.0;TOCA DE CIMA;3;35460000
31;09006;05;2;RUA;UM;SN;-20.178.658.305.555.500;-44.167.456.666.666.600;752.0;PONTE DAS ALMORREIMAS;3;35460000
31;09006;05;2;RUA;GUARIBAS;;-20.177.748.333.333.300;-4.418.099.997.222.220;784.0;GUARIBAS;3;35460000
31;09006;05;2;ESTRADA;SEM DENOMINACAO;SN;-20.180.593.333.333.300;-4.418.063.330.555.550;792.0;BRUMADINHO;3;35460000
31;09006;05;2;ESTRADA;SEM DENOMINACAO;SN;-20.190.171.666.666.600;-4.416.724.163.888.880;770.0;PONTE DAS ALMORREIMAS;3;35460000
31;09006;05;2;ESTRADA;SEM DENOMINACAO;SN;-20.197.355;-4.414.695.663.888.880;799.0;MARICOTA;3;35460000
31;09006;05;2;ESTRADA;SEM DENOMINACAO;SN;-20.183.933.333.333.300;-4.415.036.330.555.550;796.0;PONTE DAS ALMORREIMAS;3;35460000
31;09006;05;2;ESTRADA;SEM DENOMINACAO;SN;-20.173.243.333.333.300;-44.167.638.305.555.500;748.0;PONTE DAS ALMORREIMAS;3;35460000
31;09006;05;2;ESTRADA;SEM DENOMINACAO;SN;-2.016.396.333.333.330;-4.416.566.666.666.660;812.0;PIRES;3;35460000
31;09006;05;2;ESTRADA;SEM DENOMINACAO;SN;-20.173.033.333.333.300;-4.416.507.163.888.880;754.0;PONTE DAS ALMORREIMAS;3;35460000
31;09006;05;2;ESTRADA;SEM DENOMINACAO;SN;-20.181.385.000.000.000;-44.155.631.666.666.600;785.0;PONTE DAS ALMORREIMAS;3;35460000
31;09006;05;2;ESTRADA;SEM DENOMINACAO;SN;-2.020.680.663.888.880;-44.154.421.666.666.600;783.0;MARICOTA;3;35460000
31;09006;05;2;ESTRADA;SEM DENOMINACAO;SN;-202.153;-44.168.456.638.888.800;815.0;BARREIRAS;3;35460000
31;09006;05;2;ESTRADA;SEM DENOMINACAO;SN;-20.227.568.305.555.500;-4.419.213.163.888.880;867.0;EIXO QUEBRADO;3;35460000
31;09006;05;2;ESTRADA;FAZENDA DA LAJE;SN;-2.019.811.163.888.880;-44.133.585;774.0;MARICOTA;3;35460000
31;09006;05;2;ESTRADA;CAJU A BARREIRAS;SN;-2.021.446.333.333.330;-4.416.634.330.555.550;817.0;BARREIRAS;3;35460000
31;09006;05;2;ESTRADA;CAJU A BARREIRAS;SN;-2.021.025.663.888.880;-4.414.523.833.333.330;782.0;MARICOTA;3;35460000
31;09006;05;2;ESTRADA;CAJU A BARREIRAS;SN;-20.211.739.972.222.200;-4.416.341.497.222.220;851.0;BARREIRAS;3;35460000
31;09006;05;2;ESTRADA;MARICOTA A PONTE PASSAGEM MELO FRANCO;SN;-2.020.854.333.333.330;-4.412.529.830.555.550;744.0;MARICOTA;3;35460000
31;09006;05;2;RODOVIA;50;SN;-20.215.283.333.333.300;-44.192.456.666.666.600;887.0;EIXO QUEBRADO;3;35460000
31;09006;05;2;ESTRADA;DE CAJU;SN;-20.195.393.333.333.300;-44.183.434.999.999.900;786.0;CAJU;3;35460000
31;09006;05;2;ESTRADA;DE CAJU;SN;-2.019.869.663.888.880;-44.182.894.999.999.900;816.0;CAJU;3;35460000
31;09006;05;2;ESTRADA;DE CAJU;SN;-20.186.278.333.333.300;-44.188.561.666.666.600;799.0;CAJU;3;35460000
31;09006;05;2;ESTRADA;MG 040;SN;-20.216.006.666.666.600;-44.195.771.638.888.800;862.0;LAJINHA;3;35460000
31;09006;05;2;ESTRADA;MG 040;SN;-20.213.329.972.222.200;-4.419.389.497.222.220;901.0;LAJINHA;3;35460000
31;09006;05;2;ESTRADA;MG 040;SN;-20.172.639.972.222.200;-44.186.748.305.555.500;818.0;GUARIBAS;3;35460000
31;09006;05;2;ESTRADA;MG 040;SN;-20.170.021.666.666.600;-4.418.924.666.666.660;846.0;GUARIBAS;3;35460000
31;09006;05;2;ESTRADA;MG 040;SN;-20.218.411.666.666.600;-4.419.820.333.333.330;850.0;LAJINHA;3;35460000
31;09006;05;2;ESTRADA;MG 040;SN;-20.224.868.305.555.500;-4.419.622.497.222.220;846.0;EIXO QUEBRADO;3;35460000
31;09006;05;2;ESTRADA;PARA AGUAS CLARAS;SN;-20.194.356.638.888.800;-4.421.770.166.666.660;834.0;AGUAS CLARAS;3;35460000
31;09006;05;2;ESTRADA;PARA AGUAS CLARAS;SN;-20.214.678.305.555.500;-4.421.310.166.666.660;781.0;AGUAS CLARAS;3;35460000
31;09006;05;2;ESTRADA;PARA AGUAS CLARAS;SN;-2.021.595.163.888.880;-44.214.201.638.888.800;792.0;AGUAS CLARAS;3;35460000
31;09006;05;2;ESTRADA;PARA AGUAS CLARAS;;-2.018.319.166.666.660;-4.421.091.663.888.880;823.0;AGUAS CLARAS;3;35460000
31;09006;05;2;ESTRADA;PARA AGUAS CLARAS;SN;-2.021.182.497.222.220;-44.210.420.000.000.000;789.0;AGUAS CLARAS;3;35460000
31;09006;05;2;ESTRADA;PARA AGUAS CLARAS;;-20.177.945;-4.421.277.333.333.330;768.0;SOARES;3;35460000
31;09006;05;2;ESTRADA;PARA AGUAS CLARAS;SN;-20.186.254.972.222.200;-44.213.618.333.333.300;780.0;AGUAS CLARAS;3;35460000
31;09006;05;2;ESTRADA;PARA AGUAS CLARAS;SN;-20.175.626.666.666.600;-4.421.783.330.555.550;736.0;AGUAS CLARAS;3;35460000
31;09006;05;2;ESTRADA;PARA AGUAS CLARAS;SN;-2.019.503.163.888.880;-4.421.825.330.555.550;833.0;AGUAS CLARAS;3;35460000
31;09006;05;2;ESTRADA;PARA AGUAS CLARAS;SN;-2.020.262.163.888.880;-4.421.145.330.555.550;771.0;AGUAS CLARAS;3;35460000
31;09006;05;2;ESTRADA;PARA AGUAS CLARAS;SN;-20.206.254.972.222.200;-4.420.992.833.333.330;775.0;AGUAS CLARAS;3;35460000
31;09006;05;2;ESTRADA;PARA AGUAS CLARAS;SN;-20.200.029.999.999.900;-44.209.633.333.333.300;776.0;AGUAS CLARAS;3;35460000
31;09006;05;2;ESTRADA;PARA AGUAS CLARAS;SN;-2.020.674.497.222.220;-4.420.136.333.333.330;861.0;AGUAS CLARAS;3;35460000
31;09006;05;2;ESTRADA;PARA AGUAS CLARAS;SN;-20.194.326.666.666.600;-44.217.733.333.333.300;827.0;AGUAS CLARAS;3;35460000
31;09006;05;2;ESTRADA;PARA AGUAS CLARAS;SN;-20.175.943.305.555.500;-44.216.840.000.000.000;739.0;SOARES;3;35460000
31;09006;05;2;ESTRADA;PARA AGUAS CLARAS;SN;-20.174.329.972.222.200;-44.216.300.000.000.000;737.0;SOARES;3;35460000
31;09006;05;2;ESTRADA;PARA AGUAS CLARAS;SN;-20.178.854.972.222.200;-4.421.852.163.888.880;745.0;SOARES;3;35460000
31;09006;05;2;ESTRADA;PARA AGUAS CLARAS;SN;-20.222.025;-4.420.897.666.666.660;784.0;AGUAS CLARAS;3;35460000
31;09006;05;2;ESTRADA;PARA AGUAS CLARAS;SN;-20.223.444.999.999.900;-4.420.756.333.333.330;787.0;AGUAS CLARAS;3;35460000
31;09006;05;2;ESTRADA;PARA GUARIBAS;SN;-20.180.163.333.333.300;-4.419.597.997.222.220;768.0;GUARIBAS;3;35460000
31;09006;05;2;ESTRADA;PARA GUARIBAS;SN;-2.017.921.666.666.660;-4.419.507.330.555.550;796.0;GUARIBAS;3;35460000
31;09006;05;2;ESTRADA;PARA GUARIBAS;SN;-20.227.625;-4.422.958.833.333.330;867.0;AGUAS CLARAS;3;35460000
31;09006;05;2;ESTRADA;PARA GUARIBAS;SN;-2.017.338.163.888.880;-4.420.330.333.333.330;785.0;CACHOEIRA DOS PAPUDOS;3;35460000
31;09006;05;2;ESTRADA;PARA GUARIBAS;SN;-2.018.189.166.666.660;-4.419.280.497.222.220;817.0;GUARIBAS;3;35460000
31;09006;05;2;ESTRADA;PARA GUARIBAS;SN;-20.183.768.333.333.300;-4.419.154.666.666.660;785.0;GUARIBAS;3;35460000
31;09006;05;2;ESTRADA;PARA SOARES;;-20.163.751.666.666.600;-4.421.389.663.888.880;758.0;AGUAS CLARAS;3;35460000
31;09006;05;2;ESTRADA;PARA SOARES;;-2.016.481.497.222.220;-4.421.531.663.888.880;742.0;SOARES;3;35460000
31;09006;05;2;ESTRADA;PARA SOARES;;-2.017.372.166.666.660;-4.421.573.163.888.880;749.0;AGUAS CLARAS;3;35460000
31;09006;05;2;ESTRADA;PARA SOARES;SN;-201.633;-4.421.670.666.666.660;736.0;SOARES;3;35460000
31;09006;05;2;RUA;DOIS;;-20.216.621.666.666.600;-4.420.821.497.222.220;792.0;AGUAS CLARAS;3;35460000
31;09006;05;2;ESTRADA;PARA MATO DENTRO;SN;-20.207.461.638.888.800;-4.421.441.166.666.660;789.0;AGUAS CLARAS;3;35460000
31;09006;05;2;ESTRADA;PARA MATO DENTRO;SN;-2.020.711;-4.421.305.666.666.660;783.0;AGUAS CLARAS;3;35460000
31;09006;05;2;ESTRADA;PARA MATO DENTRO;SN;-2.020.572.163.888.880;-4.421.885.830.555.550;794.0;AGUAS CLARAS;3;35460000
31;09006;05;2;ESTRADA;PARA MATO DENTRO;SN;-2.020.826;-44.219.051.666.666.600;785.0;AGUAS CLARAS;3;35460000
31;09006;05;2;ESTRADA;PARA MATO DENTRO;SN;-20.217.425;-44.225.304.972.222.200;842.0;AGUAS CLARAS;3;35460000
31;09006;05;2;ESTRADA;PARA MATO DENTRO;SN;-20.211.653.305.555.500;-4.422.387.163.888.880;805.0;AGUAS CLARAS;3;35460000
31;09006;05;2;RUA;B;SN;-2.017.118.163.888.880;-4.420.332.330.555.550;777.0;CACHOEIRA DOS PAPUDOS;3;35460000
31;09006;05;2;RUA;B;SN;-20.169.778.305.555.500;-44.206.030.000.000.000;756.0;CACHOEIRA DOS PAPUDOS;3;35460000
31;09006;05;2;ESTRADA;PARA RIO MANSO;SN;-20.221.083.305.555.500;-44.233.556.666.666.600;881.0;AGUAS CLARAS;3;35460000
31;09006;05;2;ESTRADA;VALONGO;SN;-2.019.910.163.888.880;-4.423.507.497.222.220;885.0;VALONGO MATO DENTRO;3;35460000
31;09006;05;2;ESTRADA;VALONGO;SN;-20.182.938.305.555.500;-44.232.895;851.0;VALONGO MATO DENTRO;3;35460000
31;09006;05;2;ESTRADA;VALONGO;SN;-2.018.131.166.666.660;-4.423.238;847.0;VALONGO MATO DENTRO;3;35460000
31;09006;05;2;ESTRADA;CACHOEIRA AO CONDOMINIO AGUAS CLARAS;SN;-20.179.291.666.666.600;-4.420.218.997.222.220;750.0;CACHOEIRA DOS PAPUDOS;3;35460000
31;09006;05;2;RUA;F;SN;-20.160.571.638.888.800;-44.201.951.666.666.600;795.0;GUARIBAS;3;35460000
31;09006;05;2;ESTRADA;DE BRUMADINHO PARA CORREGO DO;SN;-20.137.946.638.888.800;-44.125.750.000.000.000;819.0;CORREGO DO FEIJAO;3;35460000
31;09006;05;2;ESTRADA;DE BRUMADINHO PARA CORREGO DO;SN;-20.141;-4.414.135;;ALBERTO FLORES;3;35460000
31;09006;05;2;ESTRADA;DE BRUMADINHO PARA CORREGO DO;KM;-20.140.194.972.222.200;-4.413.259.663.888.880;;CORREGO DO FEIJAO;3;35460000
31;09006;05;2;ESTRADA;DE BRUMADINHO PARA CORREGO DO;SN;-20.137.889.972.222.200;-44.141.731.638.888.800;;ALBERTO FLORES;3;35460000
31;09006;05;2;ESTRADA;JANGADA C FEIJAO;SN;-2.009.988.333.333.330;-44.075.878.305.555.500;;CASA BRANCA;3;35460000
31;09006;05;2;ESTRADA;JANGADA C FEIJAO;SN;-2.012.237.497.222.220;-4.408.273.666.666.660;;CORREGO DO FEIJAO;3;35460000
31;09006;05;2;RUA;JANGADA;SN;-2.011.937.163.888.880;-4.409.841.330.555.550;;JANGADA;3;35460000
31;09006;05;2;ESTRADA;VALE A MIB;SN;-20.126.525;-44.115.210.000.000.000;;CORREGO DO FEIJAO;3;35460000
31;09006;05;2;ESTRADA;VALE A MIB;SN;-20.118.084.972.222.200;-4.410.943;;CORREGO DO FEIJAO;3;35460000
31;09006;05;2;ESTRADA;VALE A MIB;SN;-20.126.909.972.222.200;-4.411.710.497.222.220;;CORREGO DO FEIJAO;3;35460000
31;09006;05;2;ESTRADA;VALE A MIB;SN;-20.129.384.972.222.200;-4.412.024.163.888.880;;CORREGO DO FEIJAO;3;35460000
31;09006;05;2;ESTRADA;SEM DENOMINACAO;SN;-20.142.323.305.555.500;-44.104.481.666.666.600;;CORREGO DO FEIJAO;3;35460000
31;09006;05;2;ESTRADA;SEM DENOMINACAO;SN;-20.148.033.305.555.500;-44.106.369.972.222.200;764.0;CORREGO DO FEIJAO;3;35460000
31;09006;05;2;ESTRADA;CORREGO DO FEIJAO A RECANTO DA NEBLINA;SN;-20.129.349.972.222.200;-44.092.575.000.000.000;;CORREGO DO FEIJAO;3;35460000
31;09006;05;2;RUA;TRES;;-2.013.295.666.666.660;-44.108.809.972.222.200;;SAMAMBAIA;3;35460000
31;09006;05;2;RUA;TRES;;-20.132.255;-44.107.644.972.222.200;;CORREGO DO FEIJAO;3;35460000
31;09006;05;2;ESTRADA;SERRADAO;SN;-20.132.908.333.333.300;-44.137.105;;TEJUCO;3;35460000
31;09006;05;2;RUA;ENGENHO;SN;-20.112.771.666.666.600;-4.406.297.166.666.660;;CASA BRANCA;3;35460000
31;09006;05;2;ESTRADA;ALBERTO FLORES CORREGO DO FEIJ;SN;-20.155.806.638.888.800;-44.126.913.333.333.300;;CORREGO DO FEIJAO;3;35460000
31;09006;05;2;ESTRADA;ALBERTO FLORES CORREGO DO FEIJ;SN;-20.158.176.666.666.600;-4.414.498;803.0;ALBERTO FLORES;3;35460000
31;09006;05;2;ESTRADA;ALBERTO FLORES MELO FRANCO;SN;-2.017.346.163.888.880;-4.414.101.333.333.330;808.0;ALBERTO FLORES;3;35460000
31;09006;05;2;ESTRADA;ALBERTO FLORES MELO FRANCO;SN;-20.188.301.638.888.800;-44.120.715;754.0;MELO FRANCO;3;35460000
31;09006;05;2;ESTRADA;ALBERTO FLORES MELO FRANCO;SN;-20.173.023.333.333.300;-4.412.287;786.0;MELO FRANCO;3;35460000
31;09006;05;2;ESTRADA;BRUMADINHO MELO FRANCO;SN;-20.171.386.666.666.600;-4.415.611.830.555.550;759.0;ALBERTO FLORES;3;35460000
31;09006;05;2;ESTRADA;BRUMADINHO MELO FRANCO;SN;-20.173.098.305.555.500;-4.415.597.997.222.220;776.0;ALBERTO FLORES;3;35460000
31;09006;05;2;ESTRADA;BRUMADINHO MELO FRANCO;SN;-2.016.219.163.888.880;-44.152.209.972.222.200;752.0;ALBERTO FLORES;3;35460000
31;09006;05;2;ESTRADA;BRUMADINHO MELO FRANCO;SN;-2.016.819.330.555.550;-44.139.496.638.888.800;;ALBERTO FLORES;3;35460000
31;09006;05;2;ESTRADA;BRUMADINHO MELO FRANCO;SN;-20.176.388.333.333.300;-4.410.833;764.0;ARANHA;3;35460000
31;09006;05;2;RUA;UM;;-2.018.982.663.888.880;-4.412.368.663.888.880;755.0;MELO FRANCO;3;35460000
31;09006;05;2;ESTRADA;SEM DENOMINACAO;SN;-20.150.888.305.555.500;-44.104.645;;CORREGO DO FEIJAO;3;35460000
31;09006;05;2;ESTRADA;SEM DENOMINACAO;SN;-20.151.014.999.999.900;-4.410.106.666.666.660;774.0;CORREGO DO FEIJAO;3;35460000
31;09006;05;2;ESTRADA;SEM DENOMINACAO;SN;-2.015.265.497.222.220;-4.410.151.833.333.330;796.0;CORREGO DO FEIJAO;3;35460000
31;09006;05;2;ESTRADA;SEM DENOMINACAO;SN;-20.150.443.305.555.500;-4.410.564.333.333.330;765.0;CORREGO DO FEIJAO;3;35460000
31;09006;05;2;ESTRADA;SEM DENOMINACAO;SN;-20.171.283.333.333.300;-44.088.258.305.555.500;797.0;ARANHA;3;35460000
31;09006;05;2;ESTRADA;TREVO ALBERTO FLORES A CORREGO DO FEIJAO;SN;-20.149.468.305.555.500;-4.413.939.333.333.330;848.0;ALBERTO FLORES;3;35460000
31;09006;05;2;ESTRADA;MORRO GRANDE;SN;-2.016.136.333.333.330;-4.413.355.166.666.660;;ALBERTO FLORES;3;35460000
31;09006;05;2;RODOVIA;MG 40;B;-20.113.256.638.888.800;-44.199.288.305.555.500;;BRUMADINHO;3;35460000
31;09006;05;2;RODOVIA;MG 40;A;-20.113.298.333.333.300;-44.199.468.305.555.500;;BRUMADINHO;3;35460000
31;09006;05;2;RODOVIA;MG 40;SN;-2.011.325;-44.195.899.999.999.900;;BRUMADINHO;3;35460000
31;09006;05;2;RODOVIA;MG 40;KM;-20.114.720.000.000.000;-44.205.224.972.222.200;734.0;BRUMADINHO;3;35460000
31;09006;05;2;RODOVIA;MG 40;KM;-20.122.148.305.555.500;-4.420.349.163.888.880;746.0;BRUMADINHO;3;35460000
31;09006;05;2;RUA;DOIS;;-20.114.806.666.666.600;-4.418.658.330.555.550;822.0;MONTE CRISTO;3;35460000
31;09006;05;2;RUA;DO TEJUCO;SN;-20.114.793.333.333.300;-4.415.587.997.222.220;;TEJUCO;3;35460000
31;09006;05;2;ESTRADA;SERRADAO;SN;-2.013.222;-4.414.189.830.555.550;;TEJUCO;3;35460000
31;09006;05;2;ESTRADA;SERRADAO;SN;-2.012.235.163.888.880;-4.414.603.997.222.220;;TEJUCO;3;35460000
31;09006;05;2;RUA;UM;SN;-20.106.385.000.000.000;-4.418.275.663.888.880;871.0;MONTE CRISTO;3;35460000
31;09006;05;2;RUA;DO CANTO;SN;-20.154.241.666.666.600;-4.421.916.166.666.660;751.0;BRUMADINHO;3;35460000
31;09006;10;1;RUA;JR;SN;-2.024.247.163.888.880;-4.400.441.663.888.880;922.0;SUZANA;3;35460000
31;09006;10;1;RUA;EXPEDITO AUGUSTO;SN;-20.251.476.666.666.600;-4.401.278.333.333.330;911.0;BARREIRO;3;35460000
31;09006;10;1;RUA;EXPEDITO AUGUSTO;SN;-20.249.839.972.222.200;-44.015.185;905.0;BARREIRO;3;35460000
31;09006;10;1;RUA;EXPEDITO AUGUSTO;SN;-20.250.143.333.333.300;-4.400.965.330.555.550;895.0;BARREIRO;3;35460000
31;09006;10;1;RUA;EXPEDITO AUGUSTO;SN;-20.251.896.666.666.600;-44.011.403.305.555.500;917.0;BARREIRO;3;35460000
31;09006;10;1;RUA;PARA SUZANA;SN;-20.250.825;-4.400.323.163.888.880;922.0;BARREIRO;3;35460000
31;09006;10;1;RUA;PARA SUZANA;;-20.236.143.333.333.300;-44.007.415;886.0;SAMAMBAIA;3;35460000
31;09006;10;1;ESTRADA;MINICIPAL;SN;-20.193.318.305.555.500;-44.121.465;752.0;MELO FRANCO;3;35460000
31;09006;10;1;ESTRADA;CAMINHO DA TOCA;SN;-2.020.256.997.222.220;-44.120.506.666.666.600;750.0;MELO FRANCO;3;35460000
31;09006;10;1;ESTRADA;CAMINHO DA TOCA;;-20.203.298.305.555.500;-4.411.976.833.333.330;744.0;MELO FRANCO;3;35460000
31;09006;10;1;ESTRADA;CAMINHO DA TOCA;SN;-20.205.781.638.888.800;-4.411.631.166.666.660;752.0;MELO FRANCO;3;35460000
31;09006;10;1;ESTRADA;CAMINHO DA TOCA;SN;-20.206.084.999.999.900;-44.113.841.666.666.600;757.0;MELO FRANCO;3;35460000
31;09006;10;1;ESTRADA;CAMINHO DA TOCA;;-20.197.233.333.333.300;-4.412.206.997.222.220;765.0;MELO FRANCO;3;35460000
31;09006;10;2;ESTRADA;BRUMADINHO MELO FRANCO;SN;-2.018.058.166.666.660;-4.411.574.663.888.880;760.0;MELO FRANCO;3;35460000
31;09006;10;2;ESTRADA;BRUMADINHO MELO FRANCO;SN;-20.179.878.333.333.300;-4.410.961;797.0;MELO FRANCO;3;35460000
31;09006;10;2;ESTRADA;BRUMADINHO MELO FRANCO;SN;-2.017.914.163.888.880;-44.104.998.305.555.500;783.0;ARANHA;3;35460000
31;09006;10;2;ESTRADA;BRUMADINHO MELO FRANCO;SN;-20.188.949.972.222.200;-4.411.576;757.0;MELO FRANCO;3;35460000
31;09006;10;2;ESTRADA;BRUMADINHO MELO FRANCO;SN;-2.018.882;-441.165;748.0;MELO FRANCO;3;35460000
31;09006;10;2;ESTRADA;BRUMADINHO MELO FRANCO;SN;-2.019.768.997.222.220;-44.115.034.972.222.200;777.0;MELO FRANCO;3;35460000
31;09006;10;2;ESTRADA;DO CRUZEIRO;SN;-2.021.012.163.888.880;-4.411.201.166.666.660;773.0;LAGOA GRANDE;3;35460000
31;09006;10;2;ESTRADA;DO CRUZEIRO;SN;-20.206.508.333.333.300;-44.111.003.305.555.500;749.0;MELO FRANCO;3;35460000
31;09006;10;2;ESTRADA;DO CRUZEIRO;SN;-20.206.458.333.333.300;-4.411.108.497.222.220;756.0;MELO FRANCO;3;35460000
31;09006;10;2;RUA;DAS PEDRAS;SN;-20.206.478.333.333.300;-4.408.441.166.666.660;851.0;ARANHA;3;35460000
31;09006;10;2;RUA;PRINCIPAL;SN;-20.213.493.333.333.300;-4.410.331.166.666.660;761.0;LAGOA GRANDE;3;35460000
31;09006;10;2;RUA;PRINCIPAL;SN;-20.219.306.638.888.800;-4.410.525.663.888.880;776.0;LAGOA GRANDE;3;35460000
31;09006;10;2;CAMINHO;RUA DAS PEDRAS - SITIO BONANZA;SN;-20.203.501.638.888.800;-4.407.404.163.888.880;871.0;ARANHAS;3;35460000
31;09006;10;2;RUA;JESUINA;SN;-20.200.363.305.555.500;-44.088.726.666.666.600;831.0;ARANHA;3;35460000
31;09006;10;2;ESTRADA;ALZIRA MAIA;SN;-2.018.156.663.888.880;-4.408.917.163.888.880;774.0;ARANHA;3;35460000
31;09006;10;2;RUA;A;SN;-20.176.309.972.222.200;-44.103.319.972.222.200;770.0;ARANHA;3;35460000
31;09006;20;2;RODOVIA;PIEDADE A 040;KM;-20.170.728.305.555.500;-43.997.186.666.666.600;1060.0;PIEDADE DO PARAOPEBA;3;35460000
31;09006;10;2;ESTRADA;ARANHA PARA CORREGO DE ALMAS;SN;-20.207.446.666.666.600;-4.406.112.497.222.220;879.0;CORREGO DE ALMAS;3;35460000
31;09006;10;2;ESTRADA;ARANHA PARA CORREGO DE ALMAS;SN;-20.206.579.972.222.200;-4.405.713.163.888.880;881.0;CORREGO DE ALMAS;3;35460000
31;09006;10;2;ESTRADA;CORREGO DE ALMAS PARA MARQUES;SN;-2.020.515.333.333.330;-44.035.558.333.333.300;937.0;CORREGO DE ALMAS;3;35460000
31;09006;10;2;ESTRADA;CORREGO DE ALMAS PARA MARQUES;SN;-20.214.461.666.666.600;-4.405.374.663.888.880;904.0;CORREGO DE ALMAS;3;35460000
31;09006;10;2;ESTRADA;GROTAO;SN;-20.212.456.666.666.600;-44.071.803.333.333.300;875.0;CORREGO DE ALMAS;3;35460000
31;09006;10;2;ESTRADA;MARINHOS PARA ARANHA;SN;-20.236.203.305.555.500;-4.407.652.166.666.660;815.0;CORONEL EURICO;3;35460000
31;09006;10;2;ESTRADA;MARINHOS PARA ARANHA;SN;-2.024.059.666.666.660;-4.407.449.166.666.660;794.0;CORONEL EURICO;3;35460000
31;09006;10;2;ESTRADA;MARINHOS PARA ARANHA;;-20.228.841.666.666.600;-44.087.113.305.555.500;825.0;MARINHO VELHO;3;35460000
31;09006;10;2;ESTRADA;MARINHOS PARA ARANHA;SN;-20.237.976.638.888.800;-4.407.832.830.555.550;827.0;RIBEIRAO;3;35460000
31;09006;10;2;ESTRADA;MARINHOS PARA ARANHA;SN;-20.229.396.638.888.800;-4.409.412.663.888.880;783.0;CORONEL EURICO;3;35460000
31;09006;10;2;ESTRADA;MUSSUNGO;SN;-2.022.201.497.222.220;-44.080.175.000.000.000;817.0;CORONEL EURICO;3;35460000
31;09006;10;2;ESTRADA;EURICO PARA PARADA DA DONA;;-20.219.841.666.666.600;-44.096.806.666.666.600;778.0;CORONEL EURICO;3;35460000
31;09006;10;2;ESTRADA;ILDEFONSO ROSA AMORIM;SN;-20.225.565;-4.403.371.833.333.330;960.0;CORREGO DE ALMAS;3;35460000
31;09006;10;2;ESTRADA;ILDEFONSO ROSA AMORIM;SN;-20.220.713.305.555.500;-4.403.713.333.333.330;928.0;CORREGO DE ALMAS;3;35460000
31;09006;10;2;ESTRADA;ILDEFONSO ROSA AMORIM;SN;-2.022.585.663.888.880;-44.037.256.638.888.800;968.0;CORREGO DE ALMAS;3;35460000
31;09006;10;2;ESTRADA;ILDEFONSO ROSA AMORIM;SN;-20.217.526.638.888.800;-4.402.811.163.888.880;948.0;CORREGO DE ALMAS;3;35460000
31;09006;10;2;ESTRADA;ILDEFONSO ROSA AMORIM;SN;-20.215.921.666.666.600;-4.404.318;918.0;CORREGO DE ALMAS;3;35460000
31;09006;10;2;ESTRADA;ILDEFONSO ROSA AMORIM;SN;-20.217.976.666.666.600;-44.039.941.666.666.600;925.0;CORREGO DE ALMAS;3;35460000
31;09006;10;2;ESTRADA;MANUEL ROSA DE AMORIM;SN;-20.233.531.666.666.600;-44.020.379.999.999.900;890.0;SAMAMBAIA;3;35460000
31;09006;10;2;ESTRADA;ANTONIO AMORIM;SN;-20.209.836.638.888.800;-4.405.454.833.333.330;922.0;CORREGO DE ALMAS;3;35460000
31;09006;10;2;ESTRADA;ANTONIO AMORIM;SN;-20.210.854.972.222.200;-4.405.038;893.0;CORREGO DE ALMAS;3;35460000
31;09006;10;2;ESTRADA;MANUEL DELFINO AMORIM;SN;-2.020.441;-4.404.091.663.888.880;911.0;CORREGO DE ALMAS;3;35460000
31;09006;10;2;RUA;RIBEIRAO 1;;-20.244.959.972.222.200;-4.406.329.833.333.330;847.0;RIBEIRAO;3;35460000
31;09006;20;2;ESTRADA;MARQUES ARANHA;SN;-20.187.996.666.666.600;-44.068.741.638.888.800;815.0;MARQUES;3;35460000
31;09006;20;2;ESTRADA;MARQUES A PALHANO;SN;-20.191.913.333.333.300;-4.404.310.663.888.880;819.0;PALHANO;3;35460000
31;09006;20;2;ESTRADA;MARQUES A PALHANO;;-20.188.315;-44.048.825;796.0;MARQUES;3;35460000
31;09006;20;2;ESTRADA;MARQUES A PALHANO;SN;-20.190.693.333.333.300;-4.404.047.163.888.880;830.0;MARQUES;3;35460000
31;09006;20;2;ESTRADA;MARQUES A PALHANO;SN;-2.018.588.666.666.660;-4.403.481.333.333.330;831.0;MARQUES;3;35460000
31;09006;20;2;ESTRADA;MORRO GRANDE;SN;-20.189.184.972.222.200;-4.405.660.997.222.220;806.0;MARQUES;3;35460000
31;09006;20;2;ESTRADA;MORRO GRANDE;SN;-2.018.906.663.888.880;-44.056.329.999.999.900;804.0;MARQUES;3;35460000
31;09006;10;2;ESTRADA;TRES BARRAS PARA SAMAMBAIA;SN;-202.488;-4.404.338.833.333.330;828.0;SAMAMBAIA;3;35460000
31;09006;10;2;ESTRADA;TRES BARRAS PARA SAMAMBAIA;SN;-2.024.611.666.666.660;-4.405.188.333.333.330;824.0;RIBEIRAO;3;35460000
31;09006;10;2;RUA;HUM;SN;-2.024.208.163.888.880;-44.017.331.666.666.600;862.0;SAMAMBAIA;3;35460000
31;09006;10;2;RUA;HUM;;-2.024.302.163.888.880;-44.015.103.333.333.300;861.0;SAMAMBAIA;3;35460000
31;09006;10;2;RUA;HUM;SN;-20.235.883.333.333.300;-4.401.709.833.333.330;865.0;SAMAMBAIA;3;35460000
31;09006;10;2;RUA;HUM;SN;-2.023.313;-44.008.008.305.555.500;880.0;SAMAMBAIA;3;35460000
31;09006;10;2;ESTRADA;SAMAMBAIA;SN;-20.227.456.666.666.600;-44.017.453.333.333.300;882.0;SAMAMBAIA;3;35460000
31;09006;10;2;ESTRADA;MANUEL ROSA AMORIM;SN;-20.218.826.666.666.600;-44.023.336.638.888.800;974.0;ESTIVA;3;35460000
31;09006;20;2;AVENIDA;NOSSA SENHORA DA CONCEICAO;;-20.192.768.305.555.500;-44.023.496.638.888.800;829.0;PALHANO;3;35460000
31;09006;20;2;FAZENDA;TUMBA;SN;-20.206.408.305.555.500;-4.403.143.997.222.220;956.0;CORREGO DE ALMAS;3;35460000
31;09006;20;2;RUA;ESTRADA PARA CANDEIAS;SN;-20.206.889.999.999.900;-4.402.218.497.222.220;874.0;CANDEIAS;3;35460000
31;09006;20;2;RUA;ESTRADA RANCHO DO PEIXE;SN;-20.201.463.333.333.300;-4.402.341.333.333.330;857.0;PALHANO;3;35460000
31;09006;20;2;ESTRADA;SEM DENOMINACAO;SN;-20.202.773.333.333.300;-44.028.378.305.555.500;876.0;PALHANO;3;35460000
31;09006;20;2;ESTRADA;SEM DENOMINACAO;;-20.203.313.333.333.300;-44.026.073.305.555.500;871.0;PALHANO;3;35460000
31;09006;20;2;ESTRADA;CACHOEIRA DA BOA VISTA;SN;-20.183.695;-4.406.198.833.333.330;780.0;MARQUES;3;35460000
31;09006;20;2;ESTRADA;ARANHA A MARQUES;SN;-20.184.019.972.222.200;-4.407.607.497.222.220;798.0;MARQUES;3;35460000
31;09006;20;2;ESTRADA;MAURILIO PARREIRA MAIA;SN;-20.178.823.305.555.500;-4.408.154.666.666.660;776.0;MARQUES;3;35460000
31;09006;20;2;ESTRADA;MAURILIO PARREIRA MAIA;SN;-20.170.405.000.000.000;-44.078.834.972.222.200;;ARANHA;3;35460000
31;09006;20;2;ESTRADA;CASA BRANCA A CORREGO DE AREIA;SN;-20.122.319.972.222.200;-44.055.006.666.666.600;;CASA BRANCA;3;35460000
31;09006;20;2;ESTRADA;CASA BRANCA A CORREGO DE AREIA;SN;-20.124.849.972.222.200;-4.405.752.666.666.660;;CORREGO DE AREIAS;3;35460000
31;09006;20;2;ESTRADA;SEM DENOMINACAO;SN;-20.145.578.333.333.300;-4.408.726.663.888.880;;CORREGO DO FEIJAO;3;35460000
31;09006;20;2;ESTRADA;SEM DENOMINACAO;SN;-2.016.802.163.888.880;-4.406.068.666.666.660;806.0;MARQUES;3;35460000
31;09006;20;2;ESTRADA;SEM DENOMINACAO;SN;-20.173.088.333.333.300;-44.061.371.638.888.800;825.0;MARQUES;3;35460000
31;09006;20;2;ESTRADA;SEM DENOMINACAO;SN;-2.014.472;-4.407.492.497.222.220;;CASA BRANCA;3;35460000
31;09006;20;2;ESTRADA;MARQUES A PIEDADE;SN;-20.170.530.000.000.000;-44.043.211.666.666.600;;MARQUES;3;35460000
31;09006;20;2;ESTRADA;MARQUES A PIEDADE;SN;-20.166.328.333.333.300;-44.035.061.666.666.600;;MARQUES;3;35460000
31;09006;20;2;ESTRADA;MARQUES A PIEDADE;SN;-20.181.439.972.222.200;-44.049.056.666.666.600;796.0;PIEDADE DO PARAOPEBA;3;35460000
31;09006;20;2;ESTRADA;MARQUES A PIEDADE;SUS;-20.183.878.333.333.300;-4.406.004.497.222.220;796.0;MARQUES;3;35460000
31;09006;20;2;ESTRADA;PIEDADE PARAOPEBA A CASA BRANCA;;-20.159.614.972.222.200;-44.030.143.305.555.500;;PIEDADE DO PARAOPEBA;3;35460000
31;09006;15;2;RUA;4;SN;-20.206.878.305.555.500;-4.424.885.830.555.550;845.0;MATO DENTRO;3;35460000
31;09006;15;2;RUA;4;SN;-2.020.585.663.888.880;-4.424.187.166.666.660;816.0;BRUMADINHO;3;35460000
31;09006;15;2;RUA;4;SN;-2.020.675.163.888.880;-4.424.320.497.222.220;830.0;BRUMADINHO;3;35460000
31;09006;15;2;RUA;4;SN;-20.205.565;-4.424.625.830.555.550;830.0;MATO DENTRO;3;35460000
31;09006;15;2;RUA;4;SN;-20.200.248.305.555.500;-4.424.120.333.333.330;878.0;MATO DENTRO;3;35460000
31;09006;15;2;RUA;UM;SN;-20.207.198.305.555.500;-4.423.943.997.222.220;810.0;MATO DENTRO;3;35460000
31;09006;15;2;RUA;UM;SN;-20.214.843.333.333.300;-44.241.926.666.666.600;804.0;MATO DENTRO;3;35460000
31;09006;15;2;RUA;UM;;-20.210.173.333.333.300;-4.423.713.163.888.880;821.0;MATO DENTRO;3;35460000
31;09006;15;2;RUA;UM;SN;-2.020.807;-4.423.986.997.222.220;806.0;BRUMADINHO;3;35460000
31;09006;15;2;RUA;UM;SN;-2.021.162.497.222.220;-4.423.990.663.888.880;803.0;MATO DENTRO;3;35460000
31;09006;15;2;RUA;UM;SN;-20.207.748.305.555.500;-44.238.734.972.222.200;806.0;MATO DENTRO;3;35460000
31;09006;15;2;ESTRADA;PARA RIO MANSO;SN;-20.230.379.999.999.900;-44.237.696.666.666.600;874.0;AGUAS CLARAS;3;35460000
31;09006;15;2;ESTRADA;PARA RIO MANSO;SN;-20.253.391.666.666.600;-4.424.862.663.888.880;875.0;REGIAO DE INGA;3;35460000
31;09006;15;2;RODOVIA;FERNAO DIAS;SN;-2.014.606;-44.311.249.999.999.900;1019.0;BRUMADINHO;3;35460000
31;09006;15;2;RODOVIA;FERNAO DIAS;SN;-2.014.698.497.222.220;-4.432.216.830.555.550;896.0;BRUMADINHO;3;35460000
31;09006;15;2;RODOVIA;FERNAO DIAS;KM;-20.147.729.972.222.200;-4.432.296.497.222.220;852.0;BRUMADINHO;3;35460000
31;09006;15;2;RODOVIA;FERNAO DIAS;SN;-20.159.989.999.999.900;-44.338.955.000.000.000;841.0;VELOSO;3;35460000
31;09006;15;2;RUA;B;;-20.131.378.333.333.300;-44.308.335;;VALE DO INGA;3;35460000
31;09006;15;2;RUA;TRES;SN;-20.128.443.305.555.500;-4.432.040.997.222.220;;VALE DO INGA;3;35460000
31;09006;15;2;RUA;TRES;SN;-20.136.678.305.555.500;-44.316.264.999.999.900;;VALE DO INGA;3;35460000
31;09006;15;2;RUA;TRES;SN;-20.123.383.333.333.300;-44.319.159.972.222.200;;VALE DO INGA;3;35460000
31;09006;15;2;VALE;INGA;SN;-20.135.424.999.999.900;-4.432.085.163.888.880;;VALE INGA;3;35460000
31;09006;15;2;RUA;E;;-2.013.094.163.888.880;-4.430.985.333.333.330;986.0;VALE INGA;3;35460000
31;09006;25;2;ESTRADA;BEIRA LINHA;SN;-2.023.626;-44.091.165.000.000.000;784.0;CORONEL EURICO;3;35460000
31;09006;25;2;ESTRADA;GOMES PARA TAQUARACU;SN;-20.297.714.972.222.200;-44.044.068.305.555.500;837.0;TAQUARACU;3;35460000
31;09006;25;2;ESTRADA;GOMES PARA TAQUARACU;SN;-2.029.764;-4.404.946.997.222.220;840.0;TAQUARACU;3;35460000
31;09006;25;2;ESTRADA;MARINHOS MOEDA;SN;-20.286.548.333.333.300;-44.074.418.333.333.300;831.0;SAPE;3;35460000
31;09006;25;2;ESTRADA;MARINHOS PARA ARANHA;KM;-20.251.805;-4.408.470.663.888.880;809.0;MARINHOS;3;35460000
31;09006;25;2;ESTRADA;MARINHOS PARA ARANHA;SN;-20.260.474.972.222.200;-44.081.788.305.555.500;820.0;MARINHOS;3;35460000
31;09006;25;2;ESTRADA;MARINHOS PARA ARANHA;SN;-20.257.453.333.333.300;-4.407.989.830.555.550;820.0;MARINHOS;3;35460000
31;09006;25;2;ESTRADA;MARINHOS PARA ARANHA;;-20.244.228.333.333.300;-4.408.450.833.333.330;823.0;CORONEL EURICO;3;35460000
31;09006;25;2;ESTRADA;MARINHOS PARA ARANHA;KM;-20.245.551.666.666.600;-4.408.800.163.888.880;817.0;MARINHOS;3;35460000
31;09006;25;2;ESTRADA;MARINHOS PARA ARANHA;SN;-20.251.403.333.333.300;-44.086.315;821.0;MARINHOS;3;35460000
31;09006;25;2;ESTRADA;MARTINS PARA LIMEIRA;SN;-20.268.976.666.666.600;-4.403.718.997.222.220;844.0;MARTINS;3;35460000
31;09006;25;2;ESTRADA;MARTINS PARA LIMEIRA;SN;-2.027.309;-4.403.413;850.0;MARTINS;3;35460000
31;09006;25;2;ESTRADA;MARTINS PARA PADRE ANTONIO;SN;-2.025.840.663.888.880;-4.402.749.333.333.330;878.0;MARTINS;3;35460000
31;09006;25;2;ESTRADA;PRINCIPAL DE ARANHA PARA MARINHOS;SN;-20.242.509.972.222.200;-4.408.079;814.0;MARINHOS;3;35460000
31;09006;25;2;ESTRADA;RIBEIRAO A FAZENDA MARTINS;SN;-20.252.633.305.555.500;-4.405.241.997.222.220;817.0;MARTINS;3;35460000
31;09006;25;2;ESTRADA;RIBEIRAO A FAZENDA MARTINS;SN;-2.026.372.497.222.220;-4.404.038.497.222.220;833.0;MARTINS;3;35460000
31;09006;25;2;ESTRADA;RIBEIRAO AO TREVO DE MARINHOS;SN;-20.247.991.666.666.600;-44.071.313.333.333.300;826.0;RIBEIRAO;3;35460000
31;09006;25;2;ESTRADA;RIBEIRAO AO TREVO DE MARINHOS;SN;-20.246.043.333.333.300;-44.075.854.972.222.200;809.0;RIBEIRAO;3;35460000
31;09006;25;2;ESTRADA;RIBEIRAO AO TREVO DE MARINHOS;SN;-20.251.561.666.666.600;-4.406.690.833.333.330;831.0;RIBEIRAO;3;35460000
31;09006;25;2;ESTRADA;RIBEIRAO PARA MARTINS;SN;-2.025.684.163.888.880;-44.042.138.305.555.500;834.0;MARTINS;3;35460000
31;09006;25;2;ESTRADA;SAPE A RIBEIRAO;SN;-2.028.172;-4.407.119.330.555.550;828.0;SAPE;3;35460000
31;09006;25;2;ESTRADA;SAPE PARA MOEDA VELHA;SN;-2.028.112.663.888.880;-44.069.339.972.222.200;834.0;SAPE;3;35460000
31;09006;25;2;ESTRADA;SAPE PARA MOEDA VELHA;SN;-2.028.117;-4.407.372.497.222.220;818.0;SAPE;3;35460000
31;09006;25;2;ESTRADA;SAPE PARA MOEDA VELHA;SN;-2.028.607.666.666.660;-4.406.453.833.333.330;841.0;SAPE;3;35460000
31;09006;25;2;ESTRADA;SITIO ESTANCIA DO SINO;SN;-20.229.198.305.555.500;-44.097.973.305.555.500;795.0;CORONEL EURICO;3;35460000
31;09006;25;2;ESTRADA;TAQUARACU OU GOMES;SN;-20.313.113.333.333.300;-4.406.753.166.666.660;800.0;GOMES;3;35460000
31;09006;25;2;ESTRADA;TAQUARACU OU GOMES;SN;-2.029.770.663.888.880;-4.404.392.166.666.660;839.0;TAQUARACU OU GOMES;3;35460000
31;09006;25;2;ESTRADA;TAQUARACU OU GOMES;SN;-2.030.074;-4.404.884.330.555.550;816.0;TAQUARACU OU GOMES;3;35460000
31;09006;25;2;ESTRADA;TAQUARACU OU GOMES;SN;-2.030.915.163.888.880;-4.405.743.333.333.330;819.0;TAQUARACU OU GOMES;3;35460000
31;09006;25;2;ESTRADA;TAQUARACU OU GOMES;SN;-20.295.708.305.555.500;-4.404.159;838.0;TAQUARACU OU GOMES;3;35460000
31;09006;25;2;ESTRADA;TAQUARACU OU GOMES;SN;-20.292.555;-4.404.218.833.333.330;868.0;TAQUARACU OU GOMES;3;35460000
31;09006;25;2;ESTRADA;EURICO PARA MARINHOS;SN;-20.241.488.305.555.500;-44.090.245;789.0;GROTA DA CAVA;3;35460000
31;09006;25;2;ESTRADA;EURICO PARA MARINHOS;SN;-20.244.974.972.222.200;-44.089.218.333.333.300;813.0;GROTA DA CAVA;3;35460000
31;09006;25;2;RUA;DOIS;;-20.271.738.305.555.500;-4.405.197;860.0;COLEGIO;3;35460000
31;09006;25;2;RUA;HUM;SN;-20.258.413.333.333.300;-44.057.903.305.555.500;831.0;COLEGIO;3;35460000
31;09006;25;2;RUA;HUM;;-20.263.136.638.888.800;-440.547;826.0;COLEGIO;3;35460000
31;09006;25;2;RUA;HUM;;-20.266.816.666.666.600;-4.405.881.833.333.330;840.0;COLEGIO;3;35460000
31;09006;25;2;RUA;HUM;;-20.270.859.972.222.200;-4.406.133.163.888.880;852.0;COLEGIO;3;35460000
31;09006;25;2;RUA;HUM;;-20.273.379.972.222.200;-4.406.832.497.222.220;833.0;SAPE;3;35460000
31;09006;25;2;RUA;HUM;;-20.283.289.999.999.900;-44.074.738.333.333.300;822.0;SAPE;3;35460000
31;09006;25;2;RUA;HUM;SN;-20.263.151.666.666.600;-4.405.135.997.222.220;857.0;COLEGIO;3;35460000
31;09006;25;2;RUA;HUM;;-2.027.357.333.333.330;-4.406.879.666.666.660;834.0;SAPE;3;35460000
31;09006;25;2;RUA;TRES;;-20.269.545;-4.405.679.833.333.330;829.0;COLEGIO;3;35460000
31;09006;25;2;ESTRADA;MARTINS A SUZANA;SN;-2.026.243.663.888.880;-44.033.163.333.333.300;857.0;MARTINS;3;35460000
31;09006;25;2;ESTRADA;MARTINS A SUZANA;SN;-2.026.248;-4.403.080.830.555.550;857.0;MARTINS;3;35460000
31;09006;25;2;ESTRADA;MARTINS A SUZANA;SN;-20.256.815;-4.402.426.163.888.880;894.0;MARTINS;3;35460000
31;09006;25;2;ESTRADA;SAPE A COLEGIO;SN;-20.273.654.999.999.900;-4.407.282.330.555.550;818.0;SAPE;3;35460000
31;09006;15;1;RUA;DE CALCAMENTO;SN;-20.145.405;-44.232.398.305.555.500;764.0;BRUMADINHO;3;35460000
31;09006;05;2;AVENIDA;MG 040;KM;-2.012.864;-44.200.140.000.000.000;770.0;BRUMADINHO;3;35460000
31;09006;05;2;AVENIDA;MG 040;KM;-20.136.836.666.666.600;-4.421.039.666.666.660;770.0;BRUMADINHO;3;35460000
31;09006;05;2;AVENIDA;MG 040;SN;-20.114.124.972.222.200;-4.420.231.666.666.660;723.0;BRUMADINHO;3;35460000
31;09006;05;2;AVENIDA;MG 040;SN;-2.012.262.663.888.880;-4.419.582.166.666.660;762.0;BRUMADINHO;3;35460000
31;09006;25;2;RUA;PARAOPEBA;;-20.260.871.666.666.600;-4.412.173;750.0;SAO JOSE DO PARAOPEBA;3;35460000
31;09006;25;2;RUA;JOAQUIM AUGUSTO RODRIGUES;SN;-20.260.474.972.222.200;-44.118.655.000.000.000;778.0;SAO JOSE DO PARAOPEBA;3;35460000
31;09006;25;2;RUA;JOAQUIM AUGUSTO RODRIGUES;;-20.266.443.305.555.500;-4.410.952.163.888.880;765.0;SAO JOSE DO PARAOPEBA;3;35460000
31;09006;25;2;RUA;JOAQUIM AUGUSTO RODRIGUES;;-20.267.053.305.555.500;-4.411.092;769.0;SAO JOSE DO PARAOPEBA;3;35460000
31;09006;25;2;RUA;JOAQUIM AUGUSTO RODRIGUES;;-20.266.759.999.999.900;-4.411.060.663.888.880;770.0;SAO JOSE DO PARAOPEBA;3;35460000
31;09006;25;2;RUA;JOAQUIM AUGUSTO RODRIGUES;;-2.026.636.663.888.880;-4.411.190.663.888.880;750.0;SAO JOSE;3;35460000
31;09006;25;2;RUA;JOAQUIM AUGUSTO RODRIGUES;;-2.026.606;-4.411.228.997.222.220;762.0;SAO JOSE DO PARAOPEBA;3;35460000
31;09006;25;2;RUA;PATROCINIO;;-2.026.261.166.666.660;-4.411.784.166.666.660;756.0;SAO JOSE DO PARAOPEBA;3;35460000
31;09006;25;2;RUA;CAETANO ALVES CAMPOS;;-2.026.895;-4.410.915.666.666.660;776.0;SAO JOSE DO PARAOPEBA;3;35460000
31;09006;25;2;RUA;SEM DENOMINACAO;SN;-20.260.718.305.555.500;-4.412.177.833.333.330;752.0;SAO JOSE DO PARAOPEBA;3;35460000
31;09006;10;2;RUA;FELICIANO PINTO BRANDAO;;-20.188.666.666.666.600;-44.099.810.000.000.000;808.0;ARANHA;3;35460000
31;09006;10;2;AVENIDA;A;;-20.187.573.305.555.500;-4.409.804.166.666.660;830.0;ARANHA;3;35460000
31;09006;10;2;RUA;H;;-2.018.320.166.666.660;-44.102.428.305.555.500;817.0;ARANHA;3;35460000
31;09006;10;2;RUA;SEM DENOMINACAO;SN;-20.198.578.333.333.300;-4.409.689.663.888.880;818.0;ARANHA;3;35460000
31;09006;10;2;RUA;SEM DENOMINACAO;SN;-20.198.709.972.222.200;-4.409.573.163.888.880;810.0;ARANHA;3;35460000
31;09006;10;2;ESTRADA;ARANHA A MARQUES;SN;-20.190.893.305.555.500;-4.409.711.333.333.330;798.0;ARANHA;3;35460000
31;09006;25;2;ESTRADA;CASINHA SENTIDO MARINHOS;SN;-2.027.544.497.222.220;-44.081.743.333.333.300;824.0;GROTA DO MASSANGANO;3;35460000
31;09006;25;2;ESTRADA;CASINHA SENTIDO MARINHOS;SN;-20.303.735;-44.077.255;786.0;GROTA DO MASSANGANO;3;35460000
31;09006;25;2;ESTRADA;CASINHA SENTIDO MARINHOS;SN;-2.030.125;-4.407.598.333.333.330;797.0;CASINHA;3;35460000
31;09006;25;2;ESTRADA;CASINHA SENTIDO MARINHOS;SN;-20.300.178.333.333.300;-44.075.634.972.222.200;797.0;CASINHA;3;35460000
31;09006;25;2;ESTRADA;CASINHA SENTIDO MARINHOS;SN;-20.289.761.666.666.600;-4.407.667.330.555.550;869.0;CASINHA;3;35460000
31;09006;25;2;ESTRADA;CASINHA SENTIDO MARINHOS;;-20.276.258.305.555.500;-4.409.272.666.666.660;790.0;SAO JOSE DO PARAOPEBA;3;35460000
31;09006;25;2;ESTRADA;DA FAZ BOA VITORIA A MACANGANO;SN;-20.307.564.972.222.200;-44.106.728.333.333.300;768.0;MASSANGANO;3;35460000
31;09006;25;2;ESTRADA;DA FAZ BOA VITORIA A MACANGANO;SN;-20.275.859.999.999.900;-4.409.674.166.666.660;783.0;SAO JOSE DO PARAOPEBA;3;35460000
31;09006;25;2;ESTRADA;ESTRADA A DIREITA DEPOIS DA PO;SN;-20.310.066.666.666.600;-4.407.913.333.333.330;783.0;CASINHA;3;35460000
31;09006;25;2;ESTRADA;ESTRADA A DIREITA DEPOIS DA PO;SN;-20.309.926.666.666.600;-4.407.925.666.666.660;787.0;CASINHA;3;35460000
31;09006;25;2;ESTRADA;ESTRADA PRINCIPAL PARA MARACUJ;SN;-20.245.308.333.333.300;-4.411.239.830.555.550;770.0;MARACUJA;3;35460000
31;09006;25;2;ESTRADA;FAZENDA BOA VITORIA PARA MASSA;SN;-2.029.145.163.888.880;-4.411.300.163.888.880;764.0;SAO JOSE DO PARAOPEBA;3;35460000
31;09006;25;2;ESTRADA;MELO FRACO PARA SAO JOSE DO PA;SN;-20.227.229.972.222.200;-44.112.729.972.222.200;747.0;BANANAL;3;35460000
31;09006;25;2;ESTRADA;MELO FRACO PARA SAO JOSE DO PA;SN;-2.022.847.997.222.220;-4.411.354.666.666.660;773.0;TOCA DE CIMA;3;35460000
31;09006;25;2;ESTRADA;TOCA PARA CORONEL EURIC0;SN;-2.023.607;-4.411.490.997.222.220;761.0;TOCA;3;35460000
31;09006;25;2;ESTRADA;TOCA PARA CORONEL EURIC0;SN;-2.023.155;-4.410.309.663.888.880;784.0;CORONEL EURICO;3;35460000
31;09006;25;2;ESTRADA;TOCA PARA CORONEL EURIC0;SN;-2.023.604.166.666.660;-44.134.065;777.0;TOCA DE CIMA;3;35460000
31;09006;25;2;ESTRADA;TOCA PARA CORONEL EURIC0;SN;-20.235.665;-44.123.938.305.555.500;748.0;TOCA DE CIMA;3;35460000
31;09006;25;2;ESTRADA;TOCA PARA SAO JOSE DO PARAOPEB;SN;-20.238.678.333.333.300;-4.411.547;753.0;TOCA DE CIMA;3;35460000
31;09006;25;2;ESTRADA;TOCA PARA SAO JOSE DO PARAOPEB;SN;-20.242.845.000.000.000;-4.411.403.163.888.880;764.0;MARACUJA;3;35460000
31;09006;25;2;ESTRADA;TOCA SENTIDO SAO JOSE DO PARAO;SN;-20.256.341.638.888.800;-44.112.895;759.0;CHACARA;3;35460000
31;09006;25;2;ESTRADA;TOCA SENTIDO SAO JOSE DO PARAO;SN;-20.257.151.666.666.600;-4.411.069.330.555.550;783.0;CHACARA;3;35460000
31;09006;25;2;ESTRADA;TOCA SENTIDO SAO JOSE DO PARAO;SN;-20.256.609.972.222.200;-4.411.788.166.666.660;768.0;SAO JOSE DO PARAOPEBA;3;35460000
31;09006;25;2;ESTRADA;TOCA SENTIDO SAO JOSE DO PARAO;SN;-20.236.395;-44.128.908.305.555.500;755.0;TOCA DE CIMA;3;35460000
31;09006;25;2;ESTRADA;EURICO PARA BANANAL;SN;-2.022.421.997.222.220;-44.104.035;816.0;CORONEL EURICO;3;35460000
31;09006;25;2;ESTRADA;EURICO PARA BANANAL;SN;-20.224.151.638.888.800;-44.104.261.666.666.600;812.0;CORONEL EURICO;3;35460000
31;09006;25;2;ESTRADA;JOSE PARA MARINHOS;SN;-2.026.610.833.333.330;-4.410.380.163.888.880;778.0;SAO JOSE DO PARAOPEBA;3;35460000
31;09006;25;2;ESTRADA;JOSE PARA MARINHOS;SN;-2.026.804.163.888.880;-4.409.546.163.888.880;845.0;SAO JOSE DO PARAOPEBA;3;35460000
31;09006;25;2;ESTRADA;JOSE PARA MARINHOS;SN;-2.027.358.163.888.880;-4.410.418.497.222.220;776.0;SAO JOSE DO PARAOPEBA;3;35460000
31;09006;25;2;ESTRADA;JOSE PARA MARINHOS;SN;-20.258.918.305.555.500;-44.098.375.000.000.000;813.0;SAO JOSE DO PARAOPEBA;3;35460000
31;09006;25;2;ESTRADA;JOSE PARA MARINHOS;SN;-20.256.808.333.333.300;-44.104.505;807.0;SAO JOSE DO PARAOPEBA;3;35460000
31;09006;25;2;ESTRADA;JOSE PARA MARINHOS;SN;-20.259.284.972.222.200;-44.100.175;802.0;SAO JOSE DO PARAOPEBA;3;35460000
31;09006;25;2;ESTRADA;JOSE PARA MARINHOS;SN;-2.026.119.497.222.220;-44.094.805;811.0;SAO JOSE DO PARAOPEBA;3;35460000
31;09006;25;2;ESTRADA;JOSE PARA MASSANGANO;SN;-20.284.328.333.333.300;-4.411.146.166.666.660;785.0;SAO JOSE DO PARAOPEBA;3;35460000
31;09006;25;2;ESTRADA;JOSE PARA MASSANGANO;SN;-20.282.988.305.555.500;-4.410.210.166.666.660;793.0;COQUEIRO DE ESPINHO;3;35460000
31;09006;25;2;ESTRADA;JOSE PARA MASSANGANO;;-2.029.248.163.888.880;-44.089.995;823.0;GROTA DO MASSANGANO;3;35460000
31;09006;25;2;ESTRADA;JOSE PARA MASSANGANO;SN;-20.276.635;-44.104.393.333.333.300;776.0;SAO JOSE DO PARAOPEBA;3;35460000
31;09006;25;2;ESTRADA;JOSE PARA MASSANGANO;SN;-20.275.108.305.555.500;-4.410.526.663.888.880;753.0;SAO JOSE DO PARAOPEBA;3;35460000
31;09006;25;2;RUA;2;SN;-20.300.931.666.666.600;-4.408.305.997.222.220;781.0;MASSANGANO;3;35460000
31;09006;25;2;RUA;DO OURO;SN;-20.274.736.666.666.600;-4.411.850.833.333.330;789.0;SAO JOSE DO PARAOPEBA;3;35460000
31;09006;25;2;RUA;DO OURO;SN;-20.269.845;-44.113.325;813.0;SAO JOSE DO PARAOPEBA;3;35460000
31;09006;25;2;RUA;DO OURO;SN;-2.027.220.497.222.220;-4.411.537.830.555.550;843.0;SAO JOSE DO PARAOPEBA;3;35460000
31;09006;25;2;ESTRADA;MARINHOS A MOEDA;SN;-2.026.928.497.222.220;-44.089.848.333.333.300;858.0;MARINHOS;3;35460000
31;09006;25;2;ESTRADA;MARINHOS A MOEDA;SN;-20.313.051.666.666.600;-4.407.753.330.555.550;781.0;CASINHA;3;35460000
31;09006;05;1;ESTRADA;DE TERRA;SN;-20.133.346.666.666.600;-4.414.510.166.666.660;;TEJUCO;3;35460000
31;09006;05;1;ESTRADA;DE TERRA TEJUCO;SN;-20.127.541.666.666.600;-4.417.357.333.333.330;;TEJUCO;3;35460000
31;09006;05;1;RUA;DE TERRA DO PASTORINHA;SN;-20.131.403.305.555.500;-4.417.473.497.222.220;;TEJUCO;3;35460000
31;09006;05;1;RUA;DE TERRA DO PASTORINHA;SN;-20.128.605;-4.417.520.663.888.880;;TEJUCO;3;35460000
31;09006;05;1;RUA;DE TERRA DO PASTORINHA;SN;-20.128.449.972.222.200;-44.174.593.305.555.500;;TEJUCO;3;35460000
31;09006;05;1;RUA;DE TERRA DO PASTORINHA;SN;-20.128.099.972.222.200;-44.174.776.638.888.800;;TEJUCO;3;35460000
31;09006;05;1;RUA;DE TERRA DO PASTORINHA;SN;-2.012.864.663.888.880;-44.175.374.999.999.900;;TEJUCO;3;35460000
31;09006;05;1;RUA;DE TERRA DO PASTORINHA;SN;-2.012.856.497.222.220;-44.174.205;;TEJUCO;3;35460000
31;09006;05;1;RUA;DE TERRA DO PASTORINHA;SN;-20.127.643.305.555.500;-44.175.158.305.555.500;;TEJUCO;3;35460000
31;09006;05;1;RUA;DE TERRA DO PASTORINHA;SN;-2.012.833.997.222.220;-4.417.592.663.888.880;;TEJUCO;3;35460000
31;09006;05;1;RUA;DE TERRA DO PASTORINHA;SN;-20.127.698.333.333.300;-44.174.821.638.888.800;;TEJUCO;3;35460000
31;09006;05;1;RUA;DE TERRA DO PASTORINHA;SN;-20.128.158.305.555.500;-4.417.612.833.333.330;;TEJUCO;3;35460000
31;09006;05;1;RUA;DE TERRA DO PASTORINHA;SN;-20.127.786.666.666.600;-4.417.579.330.555.550;;TEJUCO;3;35460000
31;09006;05;1;RUA;UM;;-2.013.586.663.888.880;-4.411.420.997.222.220;;CORREGO DO FEIJAO;3;35460000
31;09006;05;1;RUA;UM;SN;-20.133.388.333.333.300;-44.174.033.333.333.300;;TEJUCO;3;35460000
31;09006;05;1;RUA;UM;SN;-20.133.516.666.666.600;-4.416.811;;CORREGO FUNDO;3;35460000
31;09006;05;1;RUA;DE CALCAMENTO;SN;-20.122.281.666.666.600;-4.417.184.666.666.660;850.0;TEJUCO;3;35460000
31;09006;05;1;RUA;DE CALCAMENTO;;-2.015.326.333.333.330;-4.420.303.333.333.330;778.0;BRUMADINHO;3;35460000
31;09006;05;1;RUA;MARIA CALDAS;;-2.013.474;-44.157.626.638.888.800;;TEJUCO;3;35460000
31;09006;05;1;RUA;MARIA CALDAS;SN;-20.139.476.638.888.800;-4.416.358.997.222.220;774.0;TEJUCO;3;35460000
31;09006;05;1;RUA;MARIA CALDAS;SN;-20.155.438.305.555.500;-4.415.705.830.555.550;731.0;TEJUCO;3;35460000
31;09006;05;1;ESTRADA;SERRADAO;SN;-20.134.196.666.666.600;-44.152.058.305.555.500;;TEJUCO;3;35460000
31;09006;05;1;RODOVIA;MG 040;SN;-20.149.643.305.555.500;-4.416.088.997.222.220;746.0;TEJUCO;3;35460000
31;09006;05;1;RODOVIA;MG 040;KM;-2.015.185.497.222.220;-4.416.759.997.222.220;736.0;BRUMADINHO;3;35460000
31;09006;05;1;RUA;RUMIAN;;-20.147.608.305.555.500;-44.188.831.666.666.600;722.0;BRUMADINHO;3;35460000
31;09006;05;1;RUA;DE TERRA;SN;-2.010.330.666.666.660;-4.406.164.333.333.330;;CASA BRANCA;3;35460000
31;09006;05;1;RUA;SEIS;SN;-20.122.016.666.666.600;-4.418.055.830.555.550;;TEJUCO;3;35460000
31;09006;05;1;RUA;SEIS;SN;-2.012.225;-4.418.049.830.555.550;;TEJUCO;3;35460000
31;09006;20;2;RUA;RIO PAROPEBA;;-20.160.723.333.333.300;-44.023.716.638.888.800;;PIEDADE DO PARAOPEBA;3;35460000
31;09006;05;2;AVENIDA;ESTRADA MUNIPAL BRUMADINHO ARA;SN;-20.143.091.666.666.600;-44.182.455;;BRUMADINHO;3;35460000
31;09006;05;2;ESTRADA;DO TEJUCO;;-2.012.146.163.888.880;-4.418.512;;BRUMADINHO;3;35460000
31;09006;05;2;ESTRADA;MUNICIPAL BRUMADINHO ARANHA;KM;-20.139.221.638.888.800;-4.417.312.997.222.220;780.0;ALBERTO FLORES;3;35460000
31;09006;05;2;ESTRADA;MUNICIPAL BRUMADINHO ARANHA;SN;-20.146.049.972.222.200;-4.417.939.497.222.220;745.0;ALBERTO FLORES;3;35460000
31;09006;05;2;ESTRADA;MUNICIPAL BRUMADINHO ARANHA;SN;-20.145.516.666.666.600;-4.417.653.333.333.330;;BRUMADINHO;3;35460000
31;09006;05;2;ESTRADA;MUNICIPAL BRUMADINHO ARANHA;SN;-20.152.236.666.666.600;-4.416.623.163.888.880;727.0;BRUMADINHO;3;35460000
31;09006;05;2;ESTRADA;MUNICIPAL BRUMADINHO ARANHA;;-20.153.911.638.888.800;-44.165.531.666.666.600;734.0;ALBERTO FLORES;3;35460000
31;09006;05;2;ESTRADA;MUNICIPAL BRUMADINHO ARANHA;SN;-20.138.921.666.666.600;-4.418.767;789.0;BRUMADINHO;3;35460000
